{"cameraMode":{"drawMode":0,"name":"Shaded","section":"Shading Mode"},"sceneLighting":false,"audioPlay":false,"sceneViewState":{"showFog":true,"showMaterialUpdate":false,"showSkybox":false,"showFlares":true,"showImageEffects":true,"showParticleSystems":true},"in2DMode":false,"pivot":{"x":-0.22110512852668763,"y":-1.932852029800415,"z":1.4161430597305298},"rotation":{"x":0.36932438611984255,"y":-0.011155675165355206,"z":0.00443387171253562,"w":0.9292230606079102},"size":3.9452340602874758,"orthographic":false}